trial_id,group,name,regime_mode,kernel_reading,weights,wss_mode,hurst,base_band,cdar_limit,cdar_alpha,cdar_window,cost_bps,train_sharpe_ann,train_trades_per_week,heldout_sharpe_ann,heldout_trades_per_week,reported,recal_window,recal_every,n_decisions,split_index,train_sharpe_pp,heldout_sharpe_pp,heldout_skew,heldout_kurt_raw,heldout_total_return,max_drawdown
sweep_000,calibration_sweep_v1,sweep_b0.00_c0.10,label,mean_reversion,equal,off,False,0.0,0.1,0.05,252.0,2.0,0.305,1.848,-0.462,1.451,False,,,,,,,,,,
sweep_001,calibration_sweep_v1,sweep_b0.00_c0.15,label,mean_reversion,equal,off,False,0.0,0.15,0.05,252.0,2.0,0.316,1.848,-0.458,1.451,False,,,,,,,,,,
sweep_002,calibration_sweep_v1,sweep_b0.00_c0.20,label,mean_reversion,equal,off,False,0.0,0.2,0.05,252.0,2.0,0.322,1.848,-0.458,1.451,False,,,,,,,,,,
sweep_003,calibration_sweep_v1,sweep_b0.00_c0.25,label,mean_reversion,equal,off,False,0.0,0.25,0.05,252.0,2.0,0.326,1.848,-0.457,1.451,False,,,,,,,,,,
sweep_004,calibration_sweep_v1,sweep_b0.00_c0.30,label,mean_reversion,equal,off,False,0.0,0.3,0.05,252.0,2.0,0.329,1.848,-0.456,1.451,False,,,,,,,,,,
sweep_005,calibration_sweep_v1,sweep_b0.00_c0.40,label,mean_reversion,equal,off,False,0.0,0.4,0.05,252.0,2.0,0.333,1.848,-0.455,1.451,False,,,,,,,,,,
sweep_006,calibration_sweep_v1,sweep_b0.00_c1.00,label,mean_reversion,equal,off,False,0.0,1.0,0.05,252.0,2.0,0.34,1.848,-0.452,1.451,False,,,,,,,,,,
sweep_007,calibration_sweep_v1,sweep_b0.02_c0.10,label,mean_reversion,equal,off,False,0.02,0.1,0.05,252.0,2.0,0.271,2.213,-0.485,1.73,False,,,,,,,,,,
sweep_008,calibration_sweep_v1,sweep_b0.02_c0.15,label,mean_reversion,equal,off,False,0.02,0.15,0.05,252.0,2.0,0.285,2.213,-0.476,1.73,False,,,,,,,,,,
sweep_009,calibration_sweep_v1,sweep_b0.02_c0.20,label,mean_reversion,equal,off,False,0.02,0.2,0.05,252.0,2.0,0.291,2.213,-0.475,1.73,False,,,,,,,,,,
sweep_010,calibration_sweep_v1,sweep_b0.02_c0.25,label,mean_reversion,equal,off,False,0.02,0.25,0.05,252.0,2.0,0.296,2.213,-0.474,1.73,False,,,,,,,,,,
sweep_011,calibration_sweep_v1,sweep_b0.02_c0.30,label,mean_reversion,equal,off,False,0.02,0.3,0.05,252.0,2.0,0.299,2.213,-0.473,1.73,False,,,,,,,,,,
sweep_012,calibration_sweep_v1,sweep_b0.02_c0.40,label,mean_reversion,equal,off,False,0.02,0.4,0.05,252.0,2.0,0.303,2.213,-0.472,1.73,False,,,,,,,,,,
sweep_013,calibration_sweep_v1,sweep_b0.02_c1.00,label,mean_reversion,equal,off,False,0.02,1.0,0.05,252.0,2.0,0.311,2.213,-0.469,1.73,False,,,,,,,,,,
sweep_014,calibration_sweep_v1,sweep_b0.04_c0.10,label,mean_reversion,equal,off,False,0.04,0.1,0.05,252.0,2.0,0.236,2.407,-0.509,1.964,False,,,,,,,,,,
sweep_015,calibration_sweep_v1,sweep_b0.04_c0.15,label,mean_reversion,equal,off,False,0.04,0.15,0.05,252.0,2.0,0.253,2.407,-0.497,1.964,False,,,,,,,,,,
sweep_016,calibration_sweep_v1,sweep_b0.04_c0.20,label,mean_reversion,equal,off,False,0.04,0.2,0.05,252.0,2.0,0.26,2.407,-0.496,1.964,False,,,,,,,,,,
sweep_017,calibration_sweep_v1,sweep_b0.04_c0.25,label,mean_reversion,equal,off,False,0.04,0.25,0.05,252.0,2.0,0.264,2.407,-0.495,1.964,False,,,,,,,,,,
sweep_018,calibration_sweep_v1,sweep_b0.04_c0.30,label,mean_reversion,equal,off,False,0.04,0.3,0.05,252.0,2.0,0.267,2.407,-0.494,1.964,False,,,,,,,,,,
sweep_019,calibration_sweep_v1,sweep_b0.04_c0.40,label,mean_reversion,equal,off,False,0.04,0.4,0.05,252.0,2.0,0.272,2.407,-0.493,1.964,False,,,,,,,,,,
sweep_020,calibration_sweep_v1,sweep_b0.04_c1.00,label,mean_reversion,equal,off,False,0.04,1.0,0.05,252.0,2.0,0.28,2.407,-0.489,1.964,False,,,,,,,,,,
sweep_021,calibration_sweep_v1,sweep_b0.06_c0.10,label,mean_reversion,equal,off,False,0.06,0.1,0.05,252.0,2.0,0.199,2.578,-0.53,2.154,False,,,,,,,,,,
sweep_022,calibration_sweep_v1,sweep_b0.06_c0.15,label,mean_reversion,equal,off,False,0.06,0.15,0.05,252.0,2.0,0.218,2.578,-0.518,2.154,False,,,,,,,,,,
sweep_023,calibration_sweep_v1,sweep_b0.06_c0.20,label,mean_reversion,equal,off,False,0.06,0.2,0.05,252.0,2.0,0.225,2.578,-0.515,2.154,False,,,,,,,,,,
sweep_024,calibration_sweep_v1,sweep_b0.06_c0.25,label,mean_reversion,equal,off,False,0.06,0.25,0.05,252.0,2.0,0.23,2.578,-0.514,2.154,False,,,,,,,,,,
sweep_025,calibration_sweep_v1,sweep_b0.06_c0.30,label,mean_reversion,equal,off,False,0.06,0.3,0.05,252.0,2.0,0.233,2.578,-0.513,2.154,False,,,,,,,,,,
sweep_026,calibration_sweep_v1,sweep_b0.06_c0.40,label,mean_reversion,equal,off,False,0.06,0.4,0.05,252.0,2.0,0.238,2.578,-0.511,2.154,False,,,,,,,,,,
sweep_027,calibration_sweep_v1,sweep_b0.06_c1.00,label,mean_reversion,equal,off,False,0.06,1.0,0.05,252.0,2.0,0.246,2.578,-0.507,2.154,False,,,,,,,,,,
sweep_028,calibration_sweep_v1,sweep_b0.08_c0.10,label,mean_reversion,equal,off,False,0.08,0.1,0.05,252.0,2.0,0.155,2.735,-0.544,2.243,False,,,,,,,,,,
sweep_029,calibration_sweep_v1,sweep_b0.08_c0.15,label,mean_reversion,equal,off,False,0.08,0.15,0.05,252.0,2.0,0.174,2.735,-0.531,2.243,False,,,,,,,,,,
sweep_030,calibration_sweep_v1,sweep_b0.08_c0.20,label,mean_reversion,equal,off,False,0.08,0.2,0.05,252.0,2.0,0.184,2.735,-0.527,2.243,False,,,,,,,,,,
sweep_031,calibration_sweep_v1,sweep_b0.08_c0.25,label,mean_reversion,equal,off,False,0.08,0.25,0.05,252.0,2.0,0.188,2.735,-0.525,2.243,False,,,,,,,,,,
sweep_032,calibration_sweep_v1,sweep_b0.08_c0.30,label,mean_reversion,equal,off,False,0.08,0.3,0.05,252.0,2.0,0.192,2.735,-0.524,2.243,False,,,,,,,,,,
sweep_033,calibration_sweep_v1,sweep_b0.08_c0.40,label,mean_reversion,equal,off,False,0.08,0.4,0.05,252.0,2.0,0.197,2.735,-0.522,2.243,False,,,,,,,,,,
sweep_034,calibration_sweep_v1,sweep_b0.08_c1.00,label,mean_reversion,equal,off,False,0.08,1.0,0.05,252.0,2.0,0.205,2.735,-0.518,2.243,False,,,,,,,,,,
sweep_035,calibration_sweep_v1,sweep_b0.10_c0.10,label,mean_reversion,equal,off,False,0.1,0.1,0.05,252.0,2.0,0.115,2.839,-0.556,2.21,False,,,,,,,,,,
sweep_036,calibration_sweep_v1,sweep_b0.10_c0.15,label,mean_reversion,equal,off,False,0.1,0.15,0.05,252.0,2.0,0.136,2.839,-0.541,2.21,False,,,,,,,,,,
sweep_037,calibration_sweep_v1,sweep_b0.10_c0.20,label,mean_reversion,equal,off,False,0.1,0.2,0.05,252.0,2.0,0.146,2.839,-0.536,2.21,False,,,,,,,,,,
sweep_038,calibration_sweep_v1,sweep_b0.10_c0.25,label,mean_reversion,equal,off,False,0.1,0.25,0.05,252.0,2.0,0.151,2.839,-0.535,2.21,False,,,,,,,,,,
sweep_039,calibration_sweep_v1,sweep_b0.10_c0.30,label,mean_reversion,equal,off,False,0.1,0.3,0.05,252.0,2.0,0.155,2.839,-0.534,2.21,False,,,,,,,,,,
sweep_040,calibration_sweep_v1,sweep_b0.10_c0.40,label,mean_reversion,equal,off,False,0.1,0.4,0.05,252.0,2.0,0.159,2.839,-0.532,2.21,False,,,,,,,,,,
sweep_041,calibration_sweep_v1,sweep_b0.10_c1.00,label,mean_reversion,equal,off,False,0.1,1.0,0.05,252.0,2.0,0.168,2.839,-0.528,2.21,False,,,,,,,,,,
sweep_042,calibration_sweep_v1,sweep_b0.12_c0.10,label,mean_reversion,equal,off,False,0.12,0.1,0.05,252.0,2.0,0.082,2.832,-0.565,2.254,False,,,,,,,,,,
sweep_043,calibration_sweep_v1,sweep_b0.12_c0.15,label,mean_reversion,equal,off,False,0.12,0.15,0.05,252.0,2.0,0.102,2.832,-0.551,2.254,False,,,,,,,,,,
sweep_044,calibration_sweep_v1,sweep_b0.12_c0.20,label,mean_reversion,equal,off,False,0.12,0.2,0.05,252.0,2.0,0.112,2.832,-0.545,2.254,False,,,,,,,,,,
sweep_045,calibration_sweep_v1,sweep_b0.12_c0.25,label,mean_reversion,equal,off,False,0.12,0.25,0.05,252.0,2.0,0.118,2.832,-0.543,2.254,False,,,,,,,,,,
sweep_046,calibration_sweep_v1,sweep_b0.12_c0.30,label,mean_reversion,equal,off,False,0.12,0.3,0.05,252.0,2.0,0.122,2.832,-0.542,2.254,False,,,,,,,,,,
sweep_047,calibration_sweep_v1,sweep_b0.12_c0.40,label,mean_reversion,equal,off,False,0.12,0.4,0.05,252.0,2.0,0.127,2.832,-0.541,2.254,False,,,,,,,,,,
sweep_048,calibration_sweep_v1,sweep_b0.12_c1.00,label,mean_reversion,equal,off,False,0.12,1.0,0.05,252.0,2.0,0.136,2.832,-0.537,2.254,False,,,,,,,,,,
sweep_049,calibration_sweep_v1,sweep_b0.14_c0.10,label,mean_reversion,equal,off,False,0.14,0.1,0.05,252.0,2.0,0.051,2.712,-0.574,2.221,False,,,,,,,,,,
sweep_050,calibration_sweep_v1,sweep_b0.14_c0.15,label,mean_reversion,equal,off,False,0.14,0.15,0.05,252.0,2.0,0.072,2.712,-0.56,2.221,False,,,,,,,,,,
sweep_051,calibration_sweep_v1,sweep_b0.14_c0.20,label,mean_reversion,equal,off,False,0.14,0.2,0.05,252.0,2.0,0.082,2.712,-0.555,2.221,False,,,,,,,,,,
sweep_052,calibration_sweep_v1,sweep_b0.14_c0.25,label,mean_reversion,equal,off,False,0.14,0.25,0.05,252.0,2.0,0.088,2.712,-0.552,2.221,False,,,,,,,,,,
sweep_053,calibration_sweep_v1,sweep_b0.14_c0.30,label,mean_reversion,equal,off,False,0.14,0.3,0.05,252.0,2.0,0.092,2.712,-0.551,2.221,False,,,,,,,,,,
sweep_054,calibration_sweep_v1,sweep_b0.14_c0.40,label,mean_reversion,equal,off,False,0.14,0.4,0.05,252.0,2.0,0.096,2.712,-0.549,2.221,False,,,,,,,,,,
sweep_055,calibration_sweep_v1,sweep_b0.14_c1.00,label,mean_reversion,equal,off,False,0.14,1.0,0.05,252.0,2.0,0.105,2.712,-0.546,2.221,False,,,,,,,,,,
sweep_056,calibration_sweep_v1,sweep_b0.16_c0.10,label,mean_reversion,equal,off,False,0.16,0.1,0.05,252.0,2.0,0.032,2.683,-0.589,2.076,False,,,,,,,,,,
sweep_057,calibration_sweep_v1,sweep_b0.16_c0.15,label,mean_reversion,equal,off,False,0.16,0.15,0.05,252.0,2.0,0.053,2.683,-0.576,2.076,False,,,,,,,,,,
sweep_058,calibration_sweep_v1,sweep_b0.16_c0.20,label,mean_reversion,equal,off,False,0.16,0.2,0.05,252.0,2.0,0.063,2.683,-0.57,2.076,False,,,,,,,,,,
sweep_059,calibration_sweep_v1,sweep_b0.16_c0.25,label,mean_reversion,equal,off,False,0.16,0.25,0.05,252.0,2.0,0.069,2.683,-0.567,2.076,False,,,,,,,,,,
sweep_060,calibration_sweep_v1,sweep_b0.16_c0.30,label,mean_reversion,equal,off,False,0.16,0.3,0.05,252.0,2.0,0.073,2.683,-0.566,2.076,False,,,,,,,,,,
sweep_061,calibration_sweep_v1,sweep_b0.16_c0.40,label,mean_reversion,equal,off,False,0.16,0.4,0.05,252.0,2.0,0.078,2.683,-0.565,2.076,False,,,,,,,,,,
sweep_062,calibration_sweep_v1,sweep_b0.16_c1.00,label,mean_reversion,equal,off,False,0.16,1.0,0.05,252.0,2.0,0.087,2.683,-0.561,2.076,False,,,,,,,,,,
sweep_063,calibration_sweep_v1,sweep_b0.18_c0.10,label,mean_reversion,equal,off,False,0.18,0.1,0.05,252.0,2.0,0.014,2.608,-0.605,2.042,False,,,,,,,,,,
sweep_064,calibration_sweep_v1,sweep_b0.18_c0.15,label,mean_reversion,equal,off,False,0.18,0.15,0.05,252.0,2.0,0.035,2.608,-0.592,2.042,False,,,,,,,,,,
sweep_065,calibration_sweep_v1,sweep_b0.18_c0.20,label,mean_reversion,equal,off,False,0.18,0.2,0.05,252.0,2.0,0.045,2.608,-0.586,2.042,False,,,,,,,,,,
sweep_066,calibration_sweep_v1,sweep_b0.18_c0.25,label,mean_reversion,equal,off,False,0.18,0.25,0.05,252.0,2.0,0.051,2.608,-0.583,2.042,False,,,,,,,,,,
sweep_067,calibration_sweep_v1,sweep_b0.18_c0.30,label,mean_reversion,equal,off,False,0.18,0.3,0.05,252.0,2.0,0.055,2.608,-0.582,2.042,False,,,,,,,,,,
sweep_068,calibration_sweep_v1,sweep_b0.18_c0.40,label,mean_reversion,equal,off,False,0.18,0.4,0.05,252.0,2.0,0.06,2.608,-0.581,2.042,False,,,,,,,,,,
sweep_069,calibration_sweep_v1,sweep_b0.18_c1.00,label,mean_reversion,equal,off,False,0.18,1.0,0.05,252.0,2.0,0.069,2.608,-0.577,2.042,False,,,,,,,,,,
sweep_070,calibration_sweep_v1,sweep_b0.20_c0.10,label,mean_reversion,equal,off,False,0.2,0.1,0.05,252.0,2.0,-0.014,2.452,-0.617,1.998,False,,,,,,,,,,
sweep_071,calibration_sweep_v1,sweep_b0.20_c0.15,label,mean_reversion,equal,off,False,0.2,0.15,0.05,252.0,2.0,0.007,2.452,-0.604,1.998,False,,,,,,,,,,
sweep_072,calibration_sweep_v1,sweep_b0.20_c0.20,label,mean_reversion,equal,off,False,0.2,0.2,0.05,252.0,2.0,0.017,2.452,-0.599,1.998,False,,,,,,,,,,
sweep_073,calibration_sweep_v1,sweep_b0.20_c0.25,label,mean_reversion,equal,off,False,0.2,0.25,0.05,252.0,2.0,0.023,2.452,-0.596,1.998,False,,,,,,,,,,
sweep_074,calibration_sweep_v1,sweep_b0.20_c0.30,label,mean_reversion,equal,off,False,0.2,0.3,0.05,252.0,2.0,0.027,2.452,-0.594,1.998,False,,,,,,,,,,
sweep_075,calibration_sweep_v1,sweep_b0.20_c0.40,label,mean_reversion,equal,off,False,0.2,0.4,0.05,252.0,2.0,0.032,2.452,-0.593,1.998,False,,,,,,,,,,
sweep_076,calibration_sweep_v1,sweep_b0.20_c1.00,label,mean_reversion,equal,off,False,0.2,1.0,0.05,252.0,2.0,0.041,2.452,-0.589,1.998,False,,,,,,,,,,
sweep_077,calibration_sweep_v1,sweep_b0.22_c0.10,label,mean_reversion,equal,off,False,0.22,0.1,0.05,252.0,2.0,-0.053,2.288,-0.652,1.931,False,,,,,,,,,,
sweep_078,calibration_sweep_v1,sweep_b0.22_c0.15,label,mean_reversion,equal,off,False,0.22,0.15,0.05,252.0,2.0,-0.032,2.288,-0.639,1.931,False,,,,,,,,,,
sweep_079,calibration_sweep_v1,sweep_b0.22_c0.20,label,mean_reversion,equal,off,False,0.22,0.2,0.05,252.0,2.0,-0.022,2.288,-0.633,1.931,False,,,,,,,,,,
sweep_080,calibration_sweep_v1,sweep_b0.22_c0.25,label,mean_reversion,equal,off,False,0.22,0.25,0.05,252.0,2.0,-0.016,2.288,-0.63,1.931,False,,,,,,,,,,
sweep_081,calibration_sweep_v1,sweep_b0.22_c0.30,label,mean_reversion,equal,off,False,0.22,0.3,0.05,252.0,2.0,-0.012,2.288,-0.628,1.931,False,,,,,,,,,,
sweep_082,calibration_sweep_v1,sweep_b0.22_c0.40,label,mean_reversion,equal,off,False,0.22,0.4,0.05,252.0,2.0,-0.007,2.288,-0.625,1.931,False,,,,,,,,,,
sweep_083,calibration_sweep_v1,sweep_b0.22_c1.00,label,mean_reversion,equal,off,False,0.22,1.0,0.05,252.0,2.0,0.002,2.288,-0.621,1.931,False,,,,,,,,,,
sweep_084,calibration_sweep_v1,sweep_b0.24_c0.10,label,mean_reversion,equal,off,False,0.24,0.1,0.05,252.0,2.0,-0.128,2.049,-0.678,1.908,False,,,,,,,,,,
sweep_085,calibration_sweep_v1,sweep_b0.24_c0.15,label,mean_reversion,equal,off,False,0.24,0.15,0.05,252.0,2.0,-0.106,2.049,-0.664,1.908,False,,,,,,,,,,
sweep_086,calibration_sweep_v1,sweep_b0.24_c0.20,label,mean_reversion,equal,off,False,0.24,0.2,0.05,252.0,2.0,-0.095,2.049,-0.657,1.908,False,,,,,,,,,,
sweep_087,calibration_sweep_v1,sweep_b0.24_c0.25,label,mean_reversion,equal,off,False,0.24,0.25,0.05,252.0,2.0,-0.089,2.049,-0.653,1.908,False,,,,,,,,,,
sweep_088,calibration_sweep_v1,sweep_b0.24_c0.30,label,mean_reversion,equal,off,False,0.24,0.3,0.05,252.0,2.0,-0.085,2.049,-0.651,1.908,False,,,,,,,,,,
sweep_089,calibration_sweep_v1,sweep_b0.24_c0.40,label,mean_reversion,equal,off,False,0.24,0.4,0.05,252.0,2.0,-0.08,2.049,-0.647,1.908,False,,,,,,,,,,
sweep_090,calibration_sweep_v1,sweep_b0.24_c1.00,label,mean_reversion,equal,off,False,0.24,1.0,0.05,252.0,2.0,-0.07,2.049,-0.642,1.908,False,,,,,,,,,,
sweep_091,calibration_sweep_v1,sweep_b0.26_c0.10,label,mean_reversion,equal,off,False,0.26,0.1,0.05,252.0,2.0,-0.209,1.93,-0.716,1.808,False,,,,,,,,,,
sweep_092,calibration_sweep_v1,sweep_b0.26_c0.15,label,mean_reversion,equal,off,False,0.26,0.15,0.05,252.0,2.0,-0.186,1.93,-0.705,1.808,False,,,,,,,,,,
sweep_093,calibration_sweep_v1,sweep_b0.26_c0.20,label,mean_reversion,equal,off,False,0.26,0.2,0.05,252.0,2.0,-0.175,1.93,-0.699,1.808,False,,,,,,,,,,
sweep_094,calibration_sweep_v1,sweep_b0.26_c0.25,label,mean_reversion,equal,off,False,0.26,0.25,0.05,252.0,2.0,-0.168,1.93,-0.695,1.808,False,,,,,,,,,,
sweep_095,calibration_sweep_v1,sweep_b0.26_c0.30,label,mean_reversion,equal,off,False,0.26,0.3,0.05,252.0,2.0,-0.164,1.93,-0.692,1.808,False,,,,,,,,,,
sweep_096,calibration_sweep_v1,sweep_b0.26_c0.40,label,mean_reversion,equal,off,False,0.26,0.4,0.05,252.0,2.0,-0.158,1.93,-0.688,1.808,False,,,,,,,,,,
sweep_097,calibration_sweep_v1,sweep_b0.26_c1.00,label,mean_reversion,equal,off,False,0.26,1.0,0.05,252.0,2.0,-0.149,1.93,-0.682,1.808,False,,,,,,,,,,
sweep_098,calibration_sweep_v1,sweep_b0.28_c0.10,label,mean_reversion,equal,off,False,0.28,0.1,0.05,252.0,2.0,-0.323,1.788,-0.734,1.786,False,,,,,,,,,,
sweep_099,calibration_sweep_v1,sweep_b0.28_c0.15,label,mean_reversion,equal,off,False,0.28,0.15,0.05,252.0,2.0,-0.299,1.788,-0.725,1.786,False,,,,,,,,,,
sweep_100,calibration_sweep_v1,sweep_b0.28_c0.20,label,mean_reversion,equal,off,False,0.28,0.2,0.05,252.0,2.0,-0.287,1.788,-0.72,1.786,False,,,,,,,,,,
sweep_101,calibration_sweep_v1,sweep_b0.28_c0.25,label,mean_reversion,equal,off,False,0.28,0.25,0.05,252.0,2.0,-0.28,1.788,-0.716,1.786,False,,,,,,,,,,
sweep_102,calibration_sweep_v1,sweep_b0.28_c0.30,label,mean_reversion,equal,off,False,0.28,0.3,0.05,252.0,2.0,-0.276,1.788,-0.714,1.786,False,,,,,,,,,,
sweep_103,calibration_sweep_v1,sweep_b0.28_c0.40,label,mean_reversion,equal,off,False,0.28,0.4,0.05,252.0,2.0,-0.27,1.788,-0.711,1.786,False,,,,,,,,,,
sweep_104,calibration_sweep_v1,sweep_b0.28_c1.00,label,mean_reversion,equal,off,False,0.28,1.0,0.05,252.0,2.0,-0.26,1.788,-0.705,1.786,False,,,,,,,,,,
sweep_105,calibration_sweep_v1,sweep_b0.30_c0.10,label,mean_reversion,equal,off,False,0.3,0.1,0.05,252.0,2.0,-0.489,1.632,-0.746,1.596,False,,,,,,,,,,
sweep_106,calibration_sweep_v1,sweep_b0.30_c0.15,label,mean_reversion,equal,off,False,0.3,0.15,0.05,252.0,2.0,-0.463,1.632,-0.737,1.596,False,,,,,,,,,,
sweep_107,calibration_sweep_v1,sweep_b0.30_c0.20,label,mean_reversion,equal,off,False,0.3,0.2,0.05,252.0,2.0,-0.451,1.632,-0.731,1.596,False,,,,,,,,,,
sweep_108,calibration_sweep_v1,sweep_b0.30_c0.25,label,mean_reversion,equal,off,False,0.3,0.25,0.05,252.0,2.0,-0.443,1.632,-0.728,1.596,False,,,,,,,,,,
sweep_109,calibration_sweep_v1,sweep_b0.30_c0.30,label,mean_reversion,equal,off,False,0.3,0.3,0.05,252.0,2.0,-0.438,1.632,-0.726,1.596,False,,,,,,,,,,
sweep_110,calibration_sweep_v1,sweep_b0.30_c0.40,label,mean_reversion,equal,off,False,0.3,0.4,0.05,252.0,2.0,-0.432,1.632,-0.723,1.596,False,,,,,,,,,,
sweep_111,calibration_sweep_v1,sweep_b0.30_c1.00,label,mean_reversion,equal,off,False,0.3,1.0,0.05,252.0,2.0,-0.421,1.632,-0.718,1.596,False,,,,,,,,,,
sweep_112,calibration_sweep_v1,sweep_b0.32_c0.10,label,mean_reversion,equal,off,False,0.32,0.1,0.05,252.0,2.0,-0.648,1.542,-0.757,1.395,False,,,,,,,,,,
sweep_113,calibration_sweep_v1,sweep_b0.32_c0.15,label,mean_reversion,equal,off,False,0.32,0.15,0.05,252.0,2.0,-0.621,1.542,-0.747,1.395,False,,,,,,,,,,
sweep_114,calibration_sweep_v1,sweep_b0.32_c0.20,label,mean_reversion,equal,off,False,0.32,0.2,0.05,252.0,2.0,-0.608,1.542,-0.742,1.395,False,,,,,,,,,,
sweep_115,calibration_sweep_v1,sweep_b0.32_c0.25,label,mean_reversion,equal,off,False,0.32,0.25,0.05,252.0,2.0,-0.6,1.542,-0.739,1.395,False,,,,,,,,,,
sweep_116,calibration_sweep_v1,sweep_b0.32_c0.30,label,mean_reversion,equal,off,False,0.32,0.3,0.05,252.0,2.0,-0.595,1.542,-0.737,1.395,False,,,,,,,,,,
sweep_117,calibration_sweep_v1,sweep_b0.32_c0.40,label,mean_reversion,equal,off,False,0.32,0.4,0.05,252.0,2.0,-0.588,1.542,-0.735,1.395,False,,,,,,,,,,
sweep_118,calibration_sweep_v1,sweep_b0.32_c1.00,label,mean_reversion,equal,off,False,0.32,1.0,0.05,252.0,2.0,-0.577,1.542,-0.73,1.395,False,,,,,,,,,,
sweep_119,calibration_sweep_v1,sweep_b0.34_c0.10,label,mean_reversion,equal,off,False,0.34,0.1,0.05,252.0,2.0,-0.77,1.326,-0.798,1.239,False,,,,,,,,,,
sweep_120,calibration_sweep_v1,sweep_b0.34_c0.15,label,mean_reversion,equal,off,False,0.34,0.15,0.05,252.0,2.0,-0.744,1.326,-0.788,1.239,False,,,,,,,,,,
sweep_121,calibration_sweep_v1,sweep_b0.34_c0.20,label,mean_reversion,equal,off,False,0.34,0.2,0.05,252.0,2.0,-0.732,1.326,-0.783,1.239,False,,,,,,,,,,
sweep_122,calibration_sweep_v1,sweep_b0.34_c0.25,label,mean_reversion,equal,off,False,0.34,0.25,0.05,252.0,2.0,-0.724,1.326,-0.78,1.239,False,,,,,,,,,,
sweep_123,calibration_sweep_v1,sweep_b0.34_c0.30,label,mean_reversion,equal,off,False,0.34,0.3,0.05,252.0,2.0,-0.719,1.326,-0.778,1.239,False,,,,,,,,,,
sweep_124,calibration_sweep_v1,sweep_b0.34_c0.40,label,mean_reversion,equal,off,False,0.34,0.4,0.05,252.0,2.0,-0.713,1.326,-0.775,1.239,False,,,,,,,,,,
sweep_125,calibration_sweep_v1,sweep_b0.34_c1.00,label,mean_reversion,equal,off,False,0.34,1.0,0.05,252.0,2.0,-0.702,1.326,-0.77,1.239,False,,,,,,,,,,
sweep_126,calibration_sweep_v1,sweep_b0.36_c0.10,label,mean_reversion,equal,off,False,0.36,0.1,0.05,252.0,2.0,-0.856,1.23,-0.851,1.172,False,,,,,,,,,,
sweep_127,calibration_sweep_v1,sweep_b0.36_c0.15,label,mean_reversion,equal,off,False,0.36,0.15,0.05,252.0,2.0,-0.832,1.23,-0.839,1.172,False,,,,,,,,,,
sweep_128,calibration_sweep_v1,sweep_b0.36_c0.20,label,mean_reversion,equal,off,False,0.36,0.2,0.05,252.0,2.0,-0.82,1.23,-0.833,1.172,False,,,,,,,,,,
sweep_129,calibration_sweep_v1,sweep_b0.36_c0.25,label,mean_reversion,equal,off,False,0.36,0.25,0.05,252.0,2.0,-0.813,1.23,-0.829,1.172,False,,,,,,,,,,
sweep_130,calibration_sweep_v1,sweep_b0.36_c0.30,label,mean_reversion,equal,off,False,0.36,0.3,0.05,252.0,2.0,-0.809,1.23,-0.827,1.172,False,,,,,,,,,,
sweep_131,calibration_sweep_v1,sweep_b0.36_c0.40,label,mean_reversion,equal,off,False,0.36,0.4,0.05,252.0,2.0,-0.803,1.23,-0.824,1.172,False,,,,,,,,,,
sweep_132,calibration_sweep_v1,sweep_b0.36_c1.00,label,mean_reversion,equal,off,False,0.36,1.0,0.05,252.0,2.0,-0.793,1.23,-0.818,1.172,False,,,,,,,,,,
sweep_133,calibration_sweep_v1,sweep_b0.38_c0.10,label,mean_reversion,equal,off,False,0.38,0.1,0.05,252.0,2.0,-0.917,1.036,-0.895,1.038,False,,,,,,,,,,
sweep_134,calibration_sweep_v1,sweep_b0.38_c0.15,label,mean_reversion,equal,off,False,0.38,0.15,0.05,252.0,2.0,-0.896,1.036,-0.881,1.038,False,,,,,,,,,,
sweep_135,calibration_sweep_v1,sweep_b0.38_c0.20,label,mean_reversion,equal,off,False,0.38,0.2,0.05,252.0,2.0,-0.885,1.036,-0.874,1.038,False,,,,,,,,,,
sweep_136,calibration_sweep_v1,sweep_b0.38_c0.25,label,mean_reversion,equal,off,False,0.38,0.25,0.05,252.0,2.0,-0.879,1.036,-0.87,1.038,False,,,,,,,,,,
sweep_137,calibration_sweep_v1,sweep_b0.38_c0.30,label,mean_reversion,equal,off,False,0.38,0.3,0.05,252.0,2.0,-0.874,1.036,-0.867,1.038,False,,,,,,,,,,
sweep_138,calibration_sweep_v1,sweep_b0.38_c0.40,label,mean_reversion,equal,off,False,0.38,0.4,0.05,252.0,2.0,-0.869,1.036,-0.864,1.038,False,,,,,,,,,,
sweep_139,calibration_sweep_v1,sweep_b0.38_c1.00,label,mean_reversion,equal,off,False,0.38,1.0,0.05,252.0,2.0,-0.86,1.036,-0.858,1.038,False,,,,,,,,,,
sweep_140,calibration_sweep_v1,sweep_b0.40_c0.10,label,mean_reversion,equal,off,False,0.4,0.1,0.05,252.0,2.0,-1.001,0.887,-0.881,0.826,False,,,,,,,,,,
sweep_141,calibration_sweep_v1,sweep_b0.40_c0.15,label,mean_reversion,equal,off,False,0.4,0.15,0.05,252.0,2.0,-0.983,0.887,-0.867,0.826,False,,,,,,,,,,
sweep_142,calibration_sweep_v1,sweep_b0.40_c0.20,label,mean_reversion,equal,off,False,0.4,0.2,0.05,252.0,2.0,-0.974,0.887,-0.859,0.826,False,,,,,,,,,,
sweep_143,calibration_sweep_v1,sweep_b0.40_c0.25,label,mean_reversion,equal,off,False,0.4,0.25,0.05,252.0,2.0,-0.969,0.887,-0.855,0.826,False,,,,,,,,,,
sweep_144,calibration_sweep_v1,sweep_b0.40_c0.30,label,mean_reversion,equal,off,False,0.4,0.3,0.05,252.0,2.0,-0.965,0.887,-0.852,0.826,False,,,,,,,,,,
sweep_145,calibration_sweep_v1,sweep_b0.40_c0.40,label,mean_reversion,equal,off,False,0.4,0.4,0.05,252.0,2.0,-0.961,0.887,-0.848,0.826,False,,,,,,,,,,
sweep_146,calibration_sweep_v1,sweep_b0.40_c1.00,label,mean_reversion,equal,off,False,0.4,1.0,0.05,252.0,2.0,-0.953,0.887,-0.842,0.826,False,,,,,,,,,,
sweep_147,calibration_sweep_v1,sweep_b0.42_c0.10,label,mean_reversion,equal,off,False,0.42,0.1,0.05,252.0,2.0,-1.069,0.782,-0.862,0.714,False,,,,,,,,,,
sweep_148,calibration_sweep_v1,sweep_b0.42_c0.15,label,mean_reversion,equal,off,False,0.42,0.15,0.05,252.0,2.0,-1.056,0.782,-0.845,0.714,False,,,,,,,,,,
sweep_149,calibration_sweep_v1,sweep_b0.42_c0.20,label,mean_reversion,equal,off,False,0.42,0.2,0.05,252.0,2.0,-1.05,0.782,-0.837,0.714,False,,,,,,,,,,
sweep_150,calibration_sweep_v1,sweep_b0.42_c0.25,label,mean_reversion,equal,off,False,0.42,0.25,0.05,252.0,2.0,-1.046,0.782,-0.832,0.714,False,,,,,,,,,,
sweep_151,calibration_sweep_v1,sweep_b0.42_c0.30,label,mean_reversion,equal,off,False,0.42,0.3,0.05,252.0,2.0,-1.043,0.782,-0.828,0.714,False,,,,,,,,,,
sweep_152,calibration_sweep_v1,sweep_b0.42_c0.40,label,mean_reversion,equal,off,False,0.42,0.4,0.05,252.0,2.0,-1.04,0.782,-0.824,0.714,False,,,,,,,,,,
sweep_153,calibration_sweep_v1,sweep_b0.42_c1.00,label,mean_reversion,equal,off,False,0.42,1.0,0.05,252.0,2.0,-1.034,0.782,-0.817,0.714,False,,,,,,,,,,
sweep_154,calibration_sweep_v1,sweep_b0.44_c0.10,label,mean_reversion,equal,off,False,0.44,0.1,0.05,252.0,2.0,-1.082,0.604,-0.857,0.558,False,,,,,,,,,,
sweep_155,calibration_sweep_v1,sweep_b0.44_c0.15,label,mean_reversion,equal,off,False,0.44,0.15,0.05,252.0,2.0,-1.073,0.604,-0.84,0.558,False,,,,,,,,,,
sweep_156,calibration_sweep_v1,sweep_b0.44_c0.20,label,mean_reversion,equal,off,False,0.44,0.2,0.05,252.0,2.0,-1.069,0.604,-0.832,0.558,False,,,,,,,,,,
sweep_157,calibration_sweep_v1,sweep_b0.44_c0.25,label,mean_reversion,equal,off,False,0.44,0.25,0.05,252.0,2.0,-1.066,0.604,-0.827,0.558,False,,,,,,,,,,
sweep_158,calibration_sweep_v1,sweep_b0.44_c0.30,label,mean_reversion,equal,off,False,0.44,0.3,0.05,252.0,2.0,-1.064,0.604,-0.824,0.558,False,,,,,,,,,,
sweep_159,calibration_sweep_v1,sweep_b0.44_c0.40,label,mean_reversion,equal,off,False,0.44,0.4,0.05,252.0,2.0,-1.062,0.604,-0.82,0.558,False,,,,,,,,,,
sweep_160,calibration_sweep_v1,sweep_b0.44_c1.00,label,mean_reversion,equal,off,False,0.44,1.0,0.05,252.0,2.0,-1.058,0.604,-0.812,0.558,False,,,,,,,,,,
sweep_161,calibration_sweep_v1,sweep_b0.46_c0.10,label,mean_reversion,equal,off,False,0.46,0.1,0.05,252.0,2.0,-1.067,0.484,-0.853,0.491,False,,,,,,,,,,
sweep_162,calibration_sweep_v1,sweep_b0.46_c0.15,label,mean_reversion,equal,off,False,0.46,0.15,0.05,252.0,2.0,-1.062,0.484,-0.839,0.491,False,,,,,,,,,,
sweep_163,calibration_sweep_v1,sweep_b0.46_c0.20,label,mean_reversion,equal,off,False,0.46,0.2,0.05,252.0,2.0,-1.06,0.484,-0.832,0.491,False,,,,,,,,,,
sweep_164,calibration_sweep_v1,sweep_b0.46_c0.25,label,mean_reversion,equal,off,False,0.46,0.25,0.05,252.0,2.0,-1.058,0.484,-0.828,0.491,False,,,,,,,,,,
sweep_165,calibration_sweep_v1,sweep_b0.46_c0.30,label,mean_reversion,equal,off,False,0.46,0.3,0.05,252.0,2.0,-1.058,0.484,-0.826,0.491,False,,,,,,,,,,
sweep_166,calibration_sweep_v1,sweep_b0.46_c0.40,label,mean_reversion,equal,off,False,0.46,0.4,0.05,252.0,2.0,-1.056,0.484,-0.822,0.491,False,,,,,,,,,,
sweep_167,calibration_sweep_v1,sweep_b0.46_c1.00,label,mean_reversion,equal,off,False,0.46,1.0,0.05,252.0,2.0,-1.054,0.484,-0.816,0.491,False,,,,,,,,,,
sweep_168,calibration_sweep_v1,sweep_b0.48_c0.10,label,mean_reversion,equal,off,False,0.48,0.1,0.05,252.0,2.0,-1.051,0.395,-0.835,0.491,False,,,,,,,,,,
sweep_169,calibration_sweep_v1,sweep_b0.48_c0.15,label,mean_reversion,equal,off,False,0.48,0.15,0.05,252.0,2.0,-1.05,0.395,-0.824,0.491,False,,,,,,,,,,
sweep_170,calibration_sweep_v1,sweep_b0.48_c0.20,label,mean_reversion,equal,off,False,0.48,0.2,0.05,252.0,2.0,-1.05,0.395,-0.818,0.491,False,,,,,,,,,,
sweep_171,calibration_sweep_v1,sweep_b0.48_c0.25,label,mean_reversion,equal,off,False,0.48,0.25,0.05,252.0,2.0,-1.05,0.395,-0.815,0.491,False,,,,,,,,,,
sweep_172,calibration_sweep_v1,sweep_b0.48_c0.30,label,mean_reversion,equal,off,False,0.48,0.3,0.05,252.0,2.0,-1.05,0.395,-0.813,0.491,False,,,,,,,,,,
sweep_173,calibration_sweep_v1,sweep_b0.48_c0.40,label,mean_reversion,equal,off,False,0.48,0.4,0.05,252.0,2.0,-1.049,0.395,-0.81,0.491,False,,,,,,,,,,
sweep_174,calibration_sweep_v1,sweep_b0.48_c1.00,label,mean_reversion,equal,off,False,0.48,1.0,0.05,252.0,2.0,-1.049,0.395,-0.805,0.491,False,,,,,,,,,,
sweep_175,calibration_sweep_v1,sweep_b0.50_c0.10,label,mean_reversion,equal,off,False,0.5,0.1,0.05,252.0,2.0,-0.943,0.268,-0.811,0.402,False,,,,,,,,,,
sweep_176,calibration_sweep_v1,sweep_b0.50_c0.15,label,mean_reversion,equal,off,False,0.5,0.15,0.05,252.0,2.0,-0.942,0.268,-0.801,0.402,False,,,,,,,,,,
sweep_177,calibration_sweep_v1,sweep_b0.50_c0.20,label,mean_reversion,equal,off,False,0.5,0.2,0.05,252.0,2.0,-0.942,0.268,-0.796,0.402,False,,,,,,,,,,
sweep_178,calibration_sweep_v1,sweep_b0.50_c0.25,label,mean_reversion,equal,off,False,0.5,0.25,0.05,252.0,2.0,-0.942,0.268,-0.793,0.402,False,,,,,,,,,,
sweep_179,calibration_sweep_v1,sweep_b0.50_c0.30,label,mean_reversion,equal,off,False,0.5,0.3,0.05,252.0,2.0,-0.941,0.268,-0.791,0.402,False,,,,,,,,,,
sweep_180,calibration_sweep_v1,sweep_b0.50_c0.40,label,mean_reversion,equal,off,False,0.5,0.4,0.05,252.0,2.0,-0.941,0.268,-0.789,0.402,False,,,,,,,,,,
sweep_181,calibration_sweep_v1,sweep_b0.50_c1.00,label,mean_reversion,equal,off,False,0.5,1.0,0.05,252.0,2.0,-0.941,0.268,-0.784,0.402,False,,,,,,,,,,
wf_01_baseline_pre5a,walk_forward_v1,baseline_pre5a,label,mean_reversion,equal,off,False,0.0,1.0,0.05,252.0,2.0,0.41990658646501866,1.8628912071535022,-0.3612860762483814,1.4955357142857142,False,,,1119.0,671.0,0.026451628611059045,-0.022758883569131826,-0.12159449007416348,13.60196410098844,-0.02940096253437907,0.06739118984888809
wf_02_full_meanrev,walk_forward_v1,full_meanrev,label,mean_reversion,equal,context,True,0.0,1.0,0.05,252.0,2.0,0.41990658646501866,1.8628912071535022,-0.3612860762483814,1.4955357142857142,False,,,1119.0,671.0,0.026451628611059045,-0.022758883569131826,-0.12159449007416348,13.60196410098844,-0.02940096253437907,0.06739118984888809
wf_03_full_momentum,walk_forward_v1,full_momentum,label,momentum,equal,context,True,0.0,1.0,0.05,252.0,2.0,1.1361041237992933,1.6244411326378538,0.5506440602107372,1.5401785714285716,True,,,1119.0,671.0,0.07156783273923495,0.03468731533886874,0.28566256976504145,14.542539942855711,0.08683046359303437,0.1077841837575074
wf_04_full_dynamic,walk_forward_v1,full_dynamic,label,mean_reversion,dynamic,context,True,0.0,1.0,0.05,252.0,2.0,0.3421436923555197,1.7287630402384502,-1.1005961338686376,1.4285714285714284,False,120.0,20.0,1119.0,671.0,0.02155302672909753,-0.06933103962227542,-0.8561575522233961,18.495449730224312,-0.07774584383473981,0.09870204676662772
wf_05_full_wss_vote,walk_forward_v1,full_wss_vote,label,mean_reversion,equal,vote,True,0.0,1.0,0.05,252.0,2.0,0.4224189147880544,1.8628912071535022,-0.3610550747138421,1.4955357142857142,False,,,1119.0,671.0,0.02660989041949944,-0.022744331840254078,-0.12571965372084692,13.342531848326631,-0.01662004235552228,0.038982065633745185
wf_06_full_subsignal,walk_forward_v1,full_subsignal,subsignal,mean_reversion,equal,context,True,0.0,1.0,0.05,252.0,2.0,-0.001656102486485406,1.3636363636363635,-2.2023168943125304,1.2388392857142858,False,,,1119.0,671.0,-0.00010432465059228789,-0.13873292405969226,-3.03244387261286,27.03084762972735,-0.11232520213732777,0.14271349492100763
wf_07_full_band010,walk_forward_v1,full_band010,label,mean_reversion,equal,context,True,0.1,1.0,0.05,252.0,2.0,0.12951964675872124,2.421758569299553,-0.523412716019194,1.9754464285714284,False,,,1119.0,671.0,0.008158970838583557,-0.03297190189608716,-0.1868876719763458,21.09734195151714,-0.02683618102528107,0.0502124564688553
